scenario_name,recording_id,location_id,window_index,window_start,window_end,frame_start,frame_end,frame_count,avg_vehicle_count,min_vehicle_count,max_vehicle_count,avg_speed,min_speed,slow_frame_ratio,avg_slow_count,avg_helper_count,avg_neighbor_count,triggerable_frame_ratio
highd_win_l1_severe_congestion,26,1,13,1630,1875,1630,1875,50,24.0,24,24,10.830586844091545,2.4601829200285086,1.0,22.5,1.08,19.795,0.86
highd_win_l2_mild_bottleneck,2,2,194,24255,24500,24255,24500,50,17.76,14,21,27.21490457146153,19.500207691201652,1.0,1.74,13.06,15.768086171310628,1.0
highd_win_l4_sparse_bottleneck,9,4,32,4005,4250,4005,4250,50,8.9,6,12,27.847724223187875,17.25,1.0,1.94,5.78,7.3334227994228005,1.0
highd_win_l5_dense_bottleneck,23,5,125,15630,15875,15630,15875,50,24.0,24,24,25.30137637891661,16.75001194029425,0.84,3.08,18.02,22.648333333333333,0.84
highd_win_l6_generalization,60,6,143,17880,18125,17880,18125,50,24.0,24,24,28.59206554740192,18.260024644014038,1.0,4.64,13.58,22.080000000000005,1.0
highd_win_freeflow_control,51,1,203,25380,25625,25380,25625,50,24.0,24,24,31.14852234628322,23.56000212224099,0.0,0.0,22.0,22.371666666666666,0.0
